{"cameraMode":{"drawMode":2,"name":"Shaded Wireframe","section":"Shading Mode"},"sceneLighting":true,"audioPlay":false,"sceneViewState":{"m_AlwaysRefresh":false,"showFog":true,"showSkybox":true,"showFlares":true,"showImageEffects":true,"showParticleSystems":true,"showVisualEffectGraphs":true,"m_FxEnabled":true},"in2DMode":false,"pivot":{"x":16.858924865722658,"y":-0.022716088220477105,"z":9.96662425994873},"rotation":{"x":0.13367411494255067,"y":0.12458525598049164,"z":-0.016434771940112115,"w":0.9837400317192078},"size":1.920189380645752,"orthographic":false}