{"cameraMode":{"drawMode":2,"name":"Shaded Wireframe","section":"Shading Mode"},"sceneLighting":false,"audioPlay":false,"sceneViewState":{"m_AlwaysRefresh":false,"showFog":true,"showSkybox":false,"showFlares":true,"showImageEffects":true,"showParticleSystems":true,"showVisualEffectGraphs":true,"m_FxEnabled":true},"in2DMode":false,"pivot":{"x":16.224130630493165,"y":-0.46983927488327029,"z":9.876317977905274},"rotation":{"x":0.034516725689172748,"y":-0.003986100200563669,"z":-0.0006424578605219722,"w":1.000136137008667},"size":0.7445684671401978,"orthographic":false}